<?xml version="1.0" encoding="UTF-8"?>
<!-- written by WED 2.5.2r1 -->
<doc>
  <objects>
    <object class="WED_Root" id="1" parent_id="0">
      <children>
        <child id="2"/>
        <child id="3"/>
        <child id="4"/>
      </children>
      <hierarchy name="root"/>
    </object>
    <object class="WED_Select" id="2" parent_id="1">
      <children/>
      <hierarchy name="selection"/>
      <selection/>
    </object>
    <object class="WED_KeyObjects" id="3" parent_id="1">
      <children/>
      <hierarchy name="choices"/>
      <keys>
        <key name="airport" id="5"/>
      </keys>
    </object>
    <object class="WED_Group" id="4" parent_id="1">
      <children>
        <child id="5"/>
      </children>
      <hierarchy name="world" locked="0" hidden="0"/>
    </object>
    <object class="WED_Airport" id="5" parent_id="4">
      <children>
        <child id="9"/>
        <child id="6"/>
      </children>
      <hierarchy name="unnamed entity" locked="0" hidden="0"/>
      <airport kind="Airport" elevation="83.0" has_atc="1" icao="CYMX" always_flatten="0" drive_on_left="0" scenery_id="-1"/>
      <meta_data/>
    </object>
    <object class="WED_Runway" id="6" parent_id="5">
      <children>
        <child id="7"/>
        <child id="8"/>
      </children>
      <hierarchy name="11/29" locked="0" hidden="0"/>
      <line width="61.00"/>
      <runway surface="Concrete" shoulder="None" shoulder_width="0.0" roughness="0.25" center_lites="1" edge_lites="MIRL" distance_signs="1" displaced1="0.0" blastpad1="0.0" markings1="Precision (US)" app_lites1="MALSF" TDZL1="0" REIL1="None" displaced2="0.0" blastpad2="0.0" markings2="Precision (US)" app_lites2="MALSF" TDZL2="0" REIL2="None"/>
    </object>
    <object class="WED_RunwayNode" id="7" parent_id="6">
      <children/>
      <hierarchy name="Start" locked="0" hidden="0"/>
      <point latitude="45.670704062" longitude="-74.088867086"/>
    </object>
    <object class="WED_RunwayNode" id="8" parent_id="6">
      <children/>
      <hierarchy name="End" locked="0" hidden="0"/>
      <point latitude="45.665874553" longitude="-74.042434720"/>
    </object>
    <object class="WED_Runway" id="9" parent_id="5">
      <children>
        <child id="10"/>
        <child id="11"/>
      </children>
      <hierarchy name="06/24" locked="0" hidden="0"/>
      <line width="61.00"/>
      <runway surface="Concrete" shoulder="None" shoulder_width="0.0" roughness="0.25" center_lites="1" edge_lites="MIRL" distance_signs="1" displaced1="0.0" blastpad1="0.0" markings1="Precision (US)" app_lites1="MALSF" TDZL1="0" REIL1="None" displaced2="0.0" blastpad2="0.0" markings2="Precision (US)" app_lites2="MALSF" TDZL2="0" REIL2="None"/>
    </object>
    <object class="WED_RunwayNode" id="10" parent_id="9">
      <children/>
      <hierarchy name="Start" locked="0" hidden="0"/>
      <point latitude="45.670421165" longitude="-74.021762517"/>
    </object>
    <object class="WED_RunwayNode" id="11" parent_id="9">
      <children/>
      <hierarchy name="End" locked="0" hidden="0"/>
      <point latitude="45.693713957" longitude="-73.988594526"/>
    </object>
  </objects>
  <prefs>
    <pref name="PropertyPane0/Closed"/>
    <pref name="doc/export_target" value="6"/>
    <pref name="doc/xml_compatibility" value="205"/>
    <pref name="map/east" value="-74.043304"/>
    <pref name="map/navaid_map_vis" value="0"/>
    <pref name="map/north" value="45.679432"/>
    <pref name="map/obj_density" value="6"/>
    <pref name="map/pavement_alpha" value="4"/>
    <pref name="map/preview_vis" value="1"/>
    <pref name="map/real_lines_vis" value="1"/>
    <pref name="map/slippy_vis" value="2"/>
    <pref name="map/south" value="45.670795"/>
    <pref name="map/vertices_vis" value="1"/>
    <pref name="map/west" value="-74.053848"/>
    <pref name="map/world_map_vis" value="1"/>
    <pref name="map_Airport Beacon_Kind" value="133"/>
    <pref name="map_Autogen_Autogen Height" value="10.000000"/>
    <pref name="map_Autogen_Resource" value=""/>
    <pref name="map_Boundary_.Markings" value=""/>
    <pref name="map_Boundary_Lights" value=""/>
    <pref name="map_Boundary_Markings" value=""/>
    <pref name="map_Exclusions_Exclusions" value=""/>
    <pref name="map_Facades_Height" value="10.000000"/>
    <pref name="map_Facades_Pick Walls" value="1"/>
    <pref name="map_Facades_Resource" value="CDB-Library/fence/fijifence.fac"/>
    <pref name="map_Forests_Density" value="1.000000"/>
    <pref name="map_Forests_Resource" value=""/>
    <pref name="map_Helipad_Edge Lights" value="16"/>
    <pref name="map_Helipad_Markings" value="131"/>
    <pref name="map_Helipad_Roughness" value="0.250000"/>
    <pref name="map_Helipad_Shoulder" value="86"/>
    <pref name="map_Helipad_Surface" value="49"/>
    <pref name="map_Hole_.Markings" value=""/>
    <pref name="map_Hole_Lights" value=""/>
    <pref name="map_Hole_Markings" value=""/>
    <pref name="map_Light Fixture_Approach Angle" value="3.000000"/>
    <pref name="map_Light Fixture_Fixture Type" value="63"/>
    <pref name="map_Lines_Resource" value=""/>
    <pref name="map_Objects_Object" value="CDB-Library/fence/barrier_cement16m.obj"/>
    <pref name="map_Objects_Show with" value="810"/>
    <pref name="map_Objects_max Heading" value="0.000000"/>
    <pref name="map_Objects_min Heading" value="0.000000"/>
    <pref name="map_Polygons_Heading" value="0.000000"/>
    <pref name="map_Polygons_Resource" value=""/>
    <pref name="map_Polygons_Use Texture Map - Orthophoto" value="0"/>
    <pref name="map_Ramp Start_Airlines" value=""/>
    <pref name="map_Ramp Start_Equipment Type" value=""/>
    <pref name="map_Ramp Start_Ramp Operation Type" value="756"/>
    <pref name="map_Ramp Start_Ramp Start Type" value="203"/>
    <pref name="map_Ramp Start_Size" value="753"/>
    <pref name="map_Roads_Layer" value="0"/>
    <pref name="map_Roads_Name" value="N"/>
    <pref name="map_Roads_Resource" value="lib/g10/roads.net"/>
    <pref name="map_Roads_Slop" value="10"/>
    <pref name="map_Roads_Type" value="100"/>
    <pref name="map_Runway_Appch" value="81"/>
    <pref name="map_Runway_Center" value="1"/>
    <pref name="map_Runway_Dist" value="1"/>
    <pref name="map_Runway_Edge" value="7"/>
    <pref name="map_Runway_Marks" value="120"/>
    <pref name="map_Runway_REIL" value="10"/>
    <pref name="map_Runway_Rough" value="0.250000"/>
    <pref name="map_Runway_Shoulder" value="86"/>
    <pref name="map_Runway_Surface" value="49"/>
    <pref name="map_Runway_TDZL" value="0"/>
    <pref name="map_Sealane_Buoys" value="1"/>
    <pref name="map_Sign_Size" value="19"/>
    <pref name="map_Sign_Style" value="24"/>
    <pref name="map_Sign_Text" value="{@L}A"/>
    <pref name="map_Strings_Resource" value=""/>
    <pref name="map_Strings_Spacing" value="5.000000"/>
    <pref name="map_Taxi Routes_Allowed Vehicles" value="208"/>
    <pref name="map_Taxi Routes_Arrival" value=""/>
    <pref name="map_Taxi Routes_Departure" value=""/>
    <pref name="map_Taxi Routes_ILS" value=""/>
    <pref name="map_Taxi Routes_Name" value="N"/>
    <pref name="map_Taxi Routes_Oneway" value="1"/>
    <pref name="map_Taxi Routes_Runway" value="477"/>
    <pref name="map_Taxi Routes_Size" value="753"/>
    <pref name="map_Taxi Routes_Slop" value="10"/>
    <pref name="map_Taxilines_.Markings" value=""/>
    <pref name="map_Taxilines_Lights" value=""/>
    <pref name="map_Taxilines_Markings" value=""/>
    <pref name="map_Taxiway_.Markings" value=""/>
    <pref name="map_Taxiway_Heading" value="0.000000"/>
    <pref name="map_Taxiway_Lights" value=""/>
    <pref name="map_Taxiway_Markings" value=""/>
    <pref name="map_Taxiway_Pavement" value="49"/>
    <pref name="map_Taxiway_Roughness" value="0.250000"/>
    <pref name="map_Tower Viewpoint_Tower Height" value="25.000000"/>
    <pref name="map_Truck Destination_Truck Types" value=""/>
    <pref name="map_Truck Parking_." value="3"/>
    <pref name="map_Truck Parking_Truck Type" value="218"/>
    <pref name="map_Vertex_Snap To Vertices" value="1"/>
    <pref name="map_Windsock_Lit" value="0"/>
    <pref name="map_preview_window/camera_agl" value="0.000000"/>
    <pref name="map_preview_window/camera_lat" value="0.000000"/>
    <pref name="map_preview_window/camera_lon" value="0.000000"/>
    <pref name="map_preview_window/camera_pitch" value="-10.000000"/>
    <pref name="map_preview_window/camera_yaw" value="0.000000"/>
    <pref name="map_preview_window/height" value="787"/>
    <pref name="map_preview_window/visible" value="0"/>
    <pref name="map_preview_window/width" value="1024"/>
    <pref name="map_preview_window/x_loc" value="26"/>
    <pref name="map_preview_window/y_loc" value="26"/>
    <pref name="window/height" value="989"/>
    <pref name="window/main_split" value="384"/>
    <pref name="window/main_split2" value="1280"/>
    <pref name="window/prev_split" value="323"/>
    <pref name="window/prop_split" value="504"/>
    <pref name="window/width" value="1920"/>
    <pref name="window/x_loc" value="-8"/>
    <pref name="window/y_loc" value="-8"/>
  </prefs>
</doc>
